[
 {
  "hid":1,
  "sid":"designCheck",
  "esid":"",
  "parent":0,
  "children":[
   2
  ],
  "name":"designCheck",
  "fullname":"designCheck",
  "label":"designCheck",
  "icon":"WebViewIcon0",
  "svg":"support/slwebview_files/designCheck_d.svg",
  "thumbnail":"support/slwebview_files/designCheck_d.png",
  "backingUrl":"support/slwebview_files/designCheck_d.json",
  "elements":[
   ":1",
   ":2",
   ":3",
   ":4",
   ":5",
   ":6",
   ":7",
   ":8",
   ":9",
   ":10",
   ":11",
   ":12",
   ":13",
   ":14",
   ":15",
   ":16",
   ":17",
   ":37",
   ":42",
   ":1#out:1",
   ":2#out:1",
   ":4#out:1",
   ":5#out:1",
   ":6#out:1",
   ":3#out:4",
   ":7#out:1",
   ":8#out:1",
   ":9#out:1",
   ":10#out:1",
   ":3#out:3",
   ":11#out:1",
   ":12#out:1",
   ":17#out:1",
   ":15#out:1",
   ":16#out:1",
   ":3#out:1",
   ":3#out:2",
   ":42#out:1"
  ],
  "sameAsElement":false
 },
 {
  "hid":2,
  "sid":"designCheck:42",
  "esid":"designCheck:42",
  "parent":1,
  "children":[
  ],
  "name":"Subsystem",
  "fullname":"designCheck/Subsystem",
  "label":"Subsystem",
  "icon":"WebViewIcon2",
  "svg":"support/slwebview_files/designCheck_42_d.svg",
  "thumbnail":"support/slwebview_files/designCheck_42_d.png",
  "backingUrl":"support/slwebview_files/designCheck_42_d.json",
  "elements":[
   ":19",
   ":20",
   ":21",
   ":23",
   ":24",
   ":25",
   ":26",
   ":27",
   ":28",
   ":29",
   ":30",
   ":31",
   ":32",
   ":33",
   ":34",
   ":35",
   ":36",
   ":39",
   ":40",
   ":41",
   ":43",
   ":44",
   ":45",
   ":46",
   ":21#out:1",
   ":23#out:1",
   ":24#out:1",
   ":19#out:1",
   ":20#out:1",
   ":26#out:1",
   ":25#out:1",
   ":27#out:1",
   ":28#out:1",
   ":29#out:1",
   ":31#out:1",
   ":36#out:1",
   ":35#out:1",
   ":34#out:1",
   ":32#out:1",
   ":33#out:1",
   ":39#out:1",
   ":41#out:1",
   ":43#out:1",
   ":44#out:1",
   ":45#out:1",
   ":40#out:1"
  ],
  "sameAsElement":true
 }
]