{
 "baseUrl":"support/slwebview_files",
 "homeHid":1,
 "initialElement":"",
 "sections":[
  {
   "hid":1,
   "sid":"designCheck",
   "name":"designCheck",
   "fullname":"designCheck",
   "label":"designCheck",
   "parent":0,
   "descendants":[
    2
   ],
   "hierarchyUrl":"support/slwebview_files/designCheck_h_1.json",
   "backingUrl":"support/slwebview_files/designCheck_m.json"
  }
 ],
 "optViews":[
 ],
 "display":{
  "informer":false
 },
 "iconsUrl":"support/slwebview_files/designCheck_icons.css"
}